{
  "project_info": {
    "project_number": "917471423052",
    "project_id": "bitebuddy-89c91",
    "storage_bucket": "bitebuddy-89c91.firebasestorage.app"
  },
  "client": [
    {
      "client_info": {
        "mobilesdk_app_id": "1:917471423052:android:e819829677f7738e5da2e9",
        "android_client_info": {
          "package_name": "com.example.bite_buddy"
        }
      },
      "oauth_client": [],
      "api_key": [
        {
          "current_key": "AIzaSyAKl61aYu-W4VsI82rdbrHSy5_6Ow2OSTE"
        }
      ],
      "services": {
        "appinvite_service": {
          "other_platform_oauth_client": []
        }
      }
    }
  ],
  "configuration_version": "1"
}